"pattern","value"
"Spread across the scale",-25.8026761218098
"Spread across the scale",-20.6706729700954
"Spread across the scale",-15.5386698183811
"Spread across the scale",-5.27466351495229
"Spread across the scale",-0.142660363237907
"Spread across the scale",4.98934278847648
"Five similar, one far away",-15.364652742275
"Five similar, one far away",-15.364652742275
"Five similar, one far away",-15.364652742275
"Five similar, one far away",-15.364652742275
"Five similar, one far away",-15.364652742275
"Five similar, one far away",14.3832637113749
