"preparation","day","vessel","condition","activity"
"P1","Day 1","P1-A","Compound Q",58.7166666666667
"P2","Day 1","P2-A","Compound Q",79.1466666666667
"P3","Day 2","P3-A","Compound Q",94.11
"P4","Day 2","P4-A","Compound Q",83.8533333333333
"P5","Day 3","P5-B","Compound Q",119.456666666667
"P6","Day 3","P6-A","Compound Q",91.4133333333333
"P1","Day 1","P1-B","Vehicle",79.62
"P2","Day 1","P2-B","Vehicle",79.1433333333333
"P3","Day 2","P3-B","Vehicle",111.79
"P4","Day 2","P4-B","Vehicle",107.58
"P5","Day 3","P5-A","Vehicle",113.41
"P6","Day 3","P6-B","Vehicle",97.5933333333333
