"cytokine","day","condition","value"
"IL-1β",1,"Vehicle",141.033333333333
"IL-6",1,"Vehicle",834.066666666667
"TNF",1,"Vehicle",300.933333333333
"IL-1β",2,"Vehicle",408.2
"IL-6",2,"Vehicle",2444.2
"TNF",2,"Vehicle",692.166666666667
"IL-1β",3,"Vehicle",234.3
"IL-6",3,"Vehicle",1411
"TNF",3,"Vehicle",421.8
"IL-1β",4,"Vehicle",124.333333333333
"IL-6",4,"Vehicle",500.933333333333
"TNF",4,"Vehicle",243.433333333333
"IL-1β",1,"R",128.5
"IL-6",1,"R",484.1
"TNF",1,"R",258.733333333333
"IL-1β",2,"R",332.2
"IL-6",2,"R",1853.53333333333
"TNF",2,"R",705.766666666667
"IL-1β",3,"R",242.133333333333
"IL-6",3,"R",870.6
"TNF",3,"R",378.5
"IL-1β",4,"R",115.4
"IL-6",4,"R",557.833333333333
"TNF",4,"R",251.366666666667
