"cytokine","day","value.Vehicle","value.R","fold","log2fc"
"IL-1β",1,141.033333333333,128.5,0.911132120066178,-0.134267825553954
"IL-1β",2,408.2,332.2,0.813816756491916,-0.297224109070343
"IL-1β",3,234.3,242.133333333333,1.03343292075686,0.0474447477066233
"IL-1β",4,124.333333333333,115.4,0.928150134048257,-0.107569905775962
"IL-6",1,834.066666666667,484.1,0.580409239868915,-0.784857608206765
"IL-6",2,2444.2,1853.53333333333,0.758339470310668,-0.399084280133857
"IL-6",3,1411,870.6,0.617009213323884,-0.696636062696726
"IL-6",4,500.933333333333,557.833333333333,1.1135879691243,0.155215529932121
"TNF",1,300.933333333333,258.733333333333,0.859769605671245,-0.217977985406388
"TNF",2,692.166666666667,705.766666666667,1.01964844690585,0.0280718273648085
"TNF",3,421.8,378.5,0.897344713134187,-0.156265794920597
"TNF",4,243.433333333333,251.366666666667,1.03258934684376,0.0462666190990353
