"cytokine","day","condition","elisa_well","value"
"IL-6",1,"Vehicle",1,816.6
"IL-6",1,"Vehicle",2,821
"IL-6",1,"Vehicle",3,864.6
"IL-6",1,"R",1,488.5
"IL-6",1,"R",2,456.1
"IL-6",1,"R",3,507.7
"IL-6",2,"Vehicle",1,2285.4
"IL-6",2,"Vehicle",2,2522.7
"IL-6",2,"Vehicle",3,2524.5
"IL-6",2,"R",1,1827.4
"IL-6",2,"R",2,1956
"IL-6",2,"R",3,1777.2
"IL-6",3,"Vehicle",1,1356.9
"IL-6",3,"Vehicle",2,1415.6
"IL-6",3,"Vehicle",3,1460.5
"IL-6",3,"R",1,874.4
"IL-6",3,"R",2,817.9
"IL-6",3,"R",3,919.5
"IL-6",4,"Vehicle",1,522.6
"IL-6",4,"Vehicle",2,458.7
"IL-6",4,"Vehicle",3,521.5
"IL-6",4,"R",1,554.3
"IL-6",4,"R",2,596.6
"IL-6",4,"R",3,522.6
"TNF",1,"Vehicle",1,311.4
"TNF",1,"Vehicle",2,296.9
"TNF",1,"Vehicle",3,294.5
"TNF",1,"R",1,257.9
"TNF",1,"R",2,262.1
"TNF",1,"R",3,256.2
"TNF",2,"Vehicle",1,701.2
"TNF",2,"Vehicle",2,711.4
"TNF",2,"Vehicle",3,663.9
"TNF",2,"R",1,699.7
"TNF",2,"R",2,693.8
"TNF",2,"R",3,723.8
"TNF",3,"Vehicle",1,441.3
"TNF",3,"Vehicle",2,413.3
"TNF",3,"Vehicle",3,410.8
"TNF",3,"R",1,341.5
"TNF",3,"R",2,420.3
"TNF",3,"R",3,373.7
"TNF",4,"Vehicle",1,230.8
"TNF",4,"Vehicle",2,252.6
"TNF",4,"Vehicle",3,246.9
"TNF",4,"R",1,261.4
"TNF",4,"R",2,253.5
"TNF",4,"R",3,239.2
"IL-1β",1,"Vehicle",1,141.9
"IL-1β",1,"Vehicle",2,130.7
"IL-1β",1,"Vehicle",3,150.5
"IL-1β",1,"R",1,130.4
"IL-1β",1,"R",2,120.4
"IL-1β",1,"R",3,134.7
"IL-1β",2,"Vehicle",1,376
"IL-1β",2,"Vehicle",2,431.6
"IL-1β",2,"Vehicle",3,417
"IL-1β",2,"R",1,341.5
"IL-1β",2,"R",2,336.7
"IL-1β",2,"R",3,318.4
"IL-1β",3,"Vehicle",1,224.4
"IL-1β",3,"Vehicle",2,233
"IL-1β",3,"Vehicle",3,245.5
"IL-1β",3,"R",1,221.5
"IL-1β",3,"R",2,256.8
"IL-1β",3,"R",3,248.1
"IL-1β",4,"Vehicle",1,122.8
"IL-1β",4,"Vehicle",2,128.3
"IL-1β",4,"Vehicle",3,121.9
"IL-1β",4,"R",1,117.2
"IL-1β",4,"R",2,115.9
"IL-1β",4,"R",3,113.1
