"line","day","protein","dose","p"
"Line A",1,"P1","Low",0.467031900066218
"Line A",1,"P1","Medium",0.0783370813355431
"Line A",1,"P2","Low",0.394329760116836
"Line A",1,"P2","Medium",0.0207108849532587
"Line A",1,"P3","Low",0.297849902709635
"Line A",1,"P3","Medium",0.443117996939469
"Line A",1,"P4","Low",0.999509982496982
"Line A",1,"P4","Medium",0.197074566375298
"Line A",1,"P5","Low",0.108028406315223
"Line A",1,"P5","Medium",0.241787964902003
"Line A",2,"P1","High",0.000830216397500113
"Line A",2,"P2","High",0.00515095469170863
"Line A",2,"P3","High",0.0292797350371615
"Line A",2,"P4","High",0.719539333795838
"Line A",2,"P5","High",0.00730701455229481
"Line A",3,"P1","Low",0.0998511749511232
"Line A",3,"P1","Medium",0.00558690574935334
"Line A",3,"P1","High",0.00385250980339954
"Line A",3,"P2","Low",0.0317982455560954
"Line A",3,"P2","Medium",0.114742696373835
"Line A",3,"P2","High",0.33257948780883
"Line A",3,"P3","Low",0.160402250367689
"Line A",3,"P3","Medium",0.273905147286375
"Line A",3,"P3","High",0.221968350039519
"Line A",3,"P4","Low",0.0523837367928956
"Line A",3,"P4","Medium",0.635081715513811
"Line A",3,"P4","High",0.31012704856461
"Line A",3,"P5","Low",0.0253351404992855
"Line A",3,"P5","Medium",0.00594804396809676
"Line A",3,"P5","High",0.0144628396737008
"Line B",1,"P1","Low",0.035134775905432
"Line B",1,"P1","Medium",0.011404519282142
"Line B",1,"P2","Low",0.000711422912945655
"Line B",1,"P2","Medium",0.00128167887330771
"Line B",1,"P3","Low",0.929264430324498
"Line B",1,"P3","Medium",0.347817564415542
"Line B",1,"P4","Low",0.891682097369133
"Line B",1,"P4","Medium",0.847884875607092
"Line B",1,"P5","Low",0.172171891298363
"Line B",1,"P5","Medium",0.126682218756145
"Line B",2,"P1","High",0.032
"Line B",2,"P2","High",0.0664100764256255
"Line B",2,"P3","High",0.498726518264404
"Line B",2,"P4","High",0.0130916452432775
"Line B",2,"P5","High",0.0689550393789225
"Line B",3,"P1","Low",0.00540349305964153
"Line B",3,"P1","Medium",0.814499130531916
"Line B",3,"P1","High",0.182429211829915
"Line B",3,"P2","Low",0.230773608002551
"Line B",3,"P2","Medium",0.650275137893979
"Line B",3,"P2","High",0.126535759637939
"Line B",3,"P3","Low",0.0345847143525037
"Line B",3,"P3","Medium",0.105077918603231
"Line B",3,"P3","High",0.209909486821748
"Line B",3,"P4","Low",0.342583358021838
"Line B",3,"P4","Medium",0.00274641531853687
"Line B",3,"P4","High",0.84090078773276
"Line B",3,"P5","Low",0.165104480332172
"Line B",3,"P5","Medium",0.123304152383916
"Line B",3,"P5","High",0.33851213153271
