"line","day","prep","dose","protein","well","value","excluded"
"Line A",1,"Line A 1","Vehicle","P1",1,92.3254852315565,FALSE
"Line A",1,"Line A 1","Vehicle","P1",2,93.5400654493264,FALSE
"Line A",1,"Line A 1","Vehicle","P1",3,93.484089688263,FALSE
"Line A",1,"Line A 1","Vehicle","P2",1,90.0205215950724,FALSE
"Line A",1,"Line A 1","Vehicle","P2",2,95.0709846074789,FALSE
"Line A",1,"Line A 1","Vehicle","P2",3,91.8251990569125,FALSE
"Line A",1,"Line A 1","Vehicle","P3",1,85.5545247843314,FALSE
"Line A",1,"Line A 1","Vehicle","P3",2,89.6238845733943,FALSE
"Line A",1,"Line A 1","Vehicle","P3",3,92.3131424386003,FALSE
"Line A",1,"Line A 1","Vehicle","P4",1,96.2233859861494,FALSE
"Line A",1,"Line A 1","Vehicle","P4",2,92.529938374503,FALSE
"Line A",1,"Line A 1","Vehicle","P4",3,93.2127665063634,FALSE
"Line A",1,"Line A 1","Vehicle","P5",1,94.1970478602846,FALSE
"Line A",1,"Line A 1","Vehicle","P5",2,90.6909346311239,FALSE
"Line A",1,"Line A 1","Vehicle","P5",3,92.2186234254165,FALSE
"Line A",1,"Line A 1","Low","P1",1,95.2992201613541,FALSE
"Line A",1,"Line A 1","Low","P1",2,91.9271851382153,FALSE
"Line A",1,"Line A 1","Low","P1",3,95.0950772934648,FALSE
"Line A",1,"Line A 1","Low","P2",1,92.4060139150227,FALSE
"Line A",1,"Line A 1","Low","P2",2,93.7060997536169,FALSE
"Line A",1,"Line A 1","Low","P2",3,96.0992798960414,FALSE
"Line A",1,"Line A 1","Low","P3",1,82.7499612451427,FALSE
"Line A",1,"Line A 1","Low","P3",2,88.2039115118226,FALSE
"Line A",1,"Line A 1","Low","P3",3,87.2330404394389,FALSE
"Line A",1,"Line A 1","Low","P4",1,96.4051744891303,FALSE
"Line A",1,"Line A 1","Low","P4",2,93.2188011718334,FALSE
"Line A",1,"Line A 1","Low","P4",3,92.3388263370297,FALSE
"Line A",1,"Line A 1","Low","P5",1,97.3607268521236,FALSE
"Line A",1,"Line A 1","Low","P5",2,100.668838956662,FALSE
"Line A",1,"Line A 1","Low","P5",3,93.9475086583555,FALSE
"Line A",1,"Line A 1","Medium","P1",1,90.6465283729561,FALSE
"Line A",1,"Line A 1","Medium","P1",2,85.9544020285394,FALSE
"Line A",1,"Line A 1","Medium","P1",3,84.2716375066157,FALSE
"Line A",1,"Line A 1","Medium","P2",1,97.0767388611672,FALSE
"Line A",1,"Line A 1","Medium","P2",2,101.368126469277,FALSE
"Line A",1,"Line A 1","Medium","P2",3,101.42657320777,FALSE
"Line A",1,"Line A 1","Medium","P3",1,91.2322738801688,FALSE
"Line A",1,"Line A 1","Medium","P3",2,88.4623986033196,FALSE
"Line A",1,"Line A 1","Medium","P3",3,94.5163210979736,FALSE
"Line A",1,"Line A 1","Medium","P4",1,103.542027154553,FALSE
"Line A",1,"Line A 1","Medium","P4",2,96.0142321058937,FALSE
"Line A",1,"Line A 1","Medium","P4",3,96.1922451612356,FALSE
"Line A",1,"Line A 1","Medium","P5",1,93.0877675363899,FALSE
"Line A",1,"Line A 1","Medium","P5",2,94.0318953625236,FALSE
"Line A",1,"Line A 1","Medium","P5",3,98.8917999888295,FALSE
"Line A",2,"Line A 2","Vehicle","P1",1,105.109880481819,FALSE
"Line A",2,"Line A 2","Vehicle","P1",2,104.846469936563,FALSE
"Line A",2,"Line A 2","Vehicle","P1",3,106.149904471281,FALSE
"Line A",2,"Line A 2","Vehicle","P2",1,103.844244726171,FALSE
"Line A",2,"Line A 2","Vehicle","P2",2,103.238232081846,FALSE
"Line A",2,"Line A 2","Vehicle","P2",3,104.920233148279,FALSE
"Line A",2,"Line A 2","Vehicle","P3",1,111.473212795632,FALSE
"Line A",2,"Line A 2","Vehicle","P3",2,110.487261614239,FALSE
"Line A",2,"Line A 2","Vehicle","P3",3,112.932626794005,FALSE
"Line A",2,"Line A 2","Vehicle","P4",1,112.223265386434,FALSE
"Line A",2,"Line A 2","Vehicle","P4",2,116.797238860485,FALSE
"Line A",2,"Line A 2","Vehicle","P4",3,119.520464034604,FALSE
"Line A",2,"Line A 2","Vehicle","P5",1,97.2763370662124,FALSE
"Line A",2,"Line A 2","Vehicle","P5",2,92.7472065532804,FALSE
"Line A",2,"Line A 2","Vehicle","P5",3,97.6935318613928,FALSE
"Line A",2,"Line A 2","High","P1",1,82.7394560263443,FALSE
"Line A",2,"Line A 2","High","P1",2,85.6996443290588,FALSE
"Line A",2,"Line A 2","High","P1",3,82.269903439933,FALSE
"Line A",2,"Line A 2","High","P2",1,91.2770088951359,FALSE
"Line A",2,"Line A 2","High","P2",2,87.8374918623562,FALSE
"Line A",2,"Line A 2","High","P2",3,86.1841027743048,FALSE
"Line A",2,"Line A 2","High","P3",1,115.150120150587,FALSE
"Line A",2,"Line A 2","High","P3",2,117.435937833988,FALSE
"Line A",2,"Line A 2","High","P3",3,114.340665770786,FALSE
"Line A",2,"Line A 2","High","P4",1,119.317541205978,FALSE
"Line A",2,"Line A 2","High","P4",2,113.163324620795,FALSE
"Line A",2,"Line A 2","High","P4",3,112.552930738473,FALSE
"Line A",2,"Line A 2","High","P5",1,86.9145810066326,FALSE
"Line A",2,"Line A 2","High","P5",2,81.3829968777884,FALSE
"Line A",2,"Line A 2","High","P5",3,85.094806118294,FALSE
"Line A",3,"Line A 3","Vehicle","P1",1,114.558654264388,FALSE
"Line A",3,"Line A 3","Vehicle","P1",2,118.006701180349,FALSE
"Line A",3,"Line A 3","Vehicle","P1",3,111.190360614719,FALSE
"Line A",3,"Line A 3","Vehicle","P2",1,119.876327264463,FALSE
"Line A",3,"Line A 3","Vehicle","P2",2,113.98815996638,FALSE
"Line A",3,"Line A 3","Vehicle","P2",3,118.377951296094,FALSE
"Line A",3,"Line A 3","Vehicle","P3",1,90.1019869373476,FALSE
"Line A",3,"Line A 3","Vehicle","P3",2,90.5214213355831,FALSE
"Line A",3,"Line A 3","Vehicle","P3",3,93.6480324938284,FALSE
"Line A",3,"Line A 3","Vehicle","P4",1,83.2664076702026,FALSE
"Line A",3,"Line A 3","Vehicle","P4",2,74.8740857158221,FALSE
"Line A",3,"Line A 3","Vehicle","P4",3,81.4470735889871,FALSE
"Line A",3,"Line A 3","Vehicle","P5",1,88.4402371375758,FALSE
"Line A",3,"Line A 3","Vehicle","P5",2,92.4651379682463,FALSE
"Line A",3,"Line A 3","Vehicle","P5",3,87.071506134105,FALSE
"Line A",3,"Line A 3","Low","P1",1,103.788150287082,FALSE
"Line A",3,"Line A 3","Low","P1",2,112.601396566232,FALSE
"Line A",3,"Line A 3","Low","P1",3,105.052284578149,FALSE
"Line A",3,"Line A 3","Low","P2",1,105.907870233714,FALSE
"Line A",3,"Line A 3","Low","P2",2,102.961274274273,FALSE
"Line A",3,"Line A 3","Low","P2",3,111.601444542883,FALSE
"Line A",3,"Line A 3","Low","P3",1,89.6203906578707,FALSE
"Line A",3,"Line A 3","Low","P3",2,87.7180000101587,FALSE
"Line A",3,"Line A 3","Low","P3",3,190,TRUE
"Line A",3,"Line A 3","Low","P4",1,93.1171804142054,FALSE
"Line A",3,"Line A 3","Low","P4",2,87.5898380497439,FALSE
"Line A",3,"Line A 3","Low","P4",3,86.297727327409,FALSE
"Line A",3,"Line A 3","Low","P5",1,103.094525829138,FALSE
"Line A",3,"Line A 3","Low","P5",2,98.8206453578752,FALSE
"Line A",3,"Line A 3","Low","P5",3,95.5879996025466,FALSE
"Line A",3,"Line A 3","Medium","P1",1,92.2424654143913,FALSE
"Line A",3,"Line A 3","Medium","P1",2,92.0975242038692,FALSE
"Line A",3,"Line A 3","Medium","P1",3,93.6162963047797,FALSE
"Line A",3,"Line A 3","Medium","P2",1,115.733976719818,FALSE
"Line A",3,"Line A 3","Medium","P2",2,108.903555997997,FALSE
"Line A",3,"Line A 3","Medium","P2",3,105.974487621245,FALSE
"Line A",3,"Line A 3","Medium","P3",1,86.73957781412,FALSE
"Line A",3,"Line A 3","Medium","P3",2,92.4308846129664,FALSE
"Line A",3,"Line A 3","Medium","P3",3,84.0283397961066,FALSE
"Line A",3,"Line A 3","Medium","P4",1,81.7500158038297,FALSE
"Line A",3,"Line A 3","Medium","P4",2,76.8567304934612,FALSE
"Line A",3,"Line A 3","Medium","P4",3,76.1708628563766,FALSE
"Line A",3,"Line A 3","Medium","P5",1,101.589957313302,FALSE
"Line A",3,"Line A 3","Medium","P5",2,102.664791639431,FALSE
"Line A",3,"Line A 3","Medium","P5",3,98.2541654815021,FALSE
"Line A",3,"Line A 3","High","P1",1,94.288599691138,FALSE
"Line A",3,"Line A 3","High","P1",2,97.5375615504324,FALSE
"Line A",3,"Line A 3","High","P1",3,88.5675245248865,FALSE
"Line A",3,"Line A 3","High","P2",1,114.682420546969,FALSE
"Line A",3,"Line A 3","High","P2",2,112.232677116225,FALSE
"Line A",3,"Line A 3","High","P2",3,117.563394588225,FALSE
"Line A",3,"Line A 3","High","P3",1,85.0349125829366,FALSE
"Line A",3,"Line A 3","High","P3",2,91.5359715408061,FALSE
"Line A",3,"Line A 3","High","P3",3,87.7958967157177,FALSE
"Line A",3,"Line A 3","High","P4",1,75.4520343106813,FALSE
"Line A",3,"Line A 3","High","P4",2,77.0408976735276,FALSE
"Line A",3,"Line A 3","High","P4",3,76.821988545293,FALSE
"Line A",3,"Line A 3","High","P5",1,95.7876510720707,FALSE
"Line A",3,"Line A 3","High","P5",2,99.7627792889748,FALSE
"Line A",3,"Line A 3","High","P5",3,98.7479825898942,FALSE
"Line B",1,"Line B 1","Vehicle","P1",1,103.399767307727,FALSE
"Line B",1,"Line B 1","Vehicle","P1",2,103.41146804992,FALSE
"Line B",1,"Line B 1","Vehicle","P1",3,99.9768513904468,FALSE
"Line B",1,"Line B 1","Vehicle","P2",1,100.837783848777,FALSE
"Line B",1,"Line B 1","Vehicle","P2",2,101.818606031512,FALSE
"Line B",1,"Line B 1","Vehicle","P2",3,102.13866106429,FALSE
"Line B",1,"Line B 1","Vehicle","P3",1,88.8334801544763,FALSE
"Line B",1,"Line B 1","Vehicle","P3",2,92.3713141242816,FALSE
"Line B",1,"Line B 1","Vehicle","P3",3,94.1373094607876,FALSE
"Line B",1,"Line B 1","Vehicle","P4",1,80.4506830566253,FALSE
"Line B",1,"Line B 1","Vehicle","P4",2,80.7445676311178,FALSE
"Line B",1,"Line B 1","Vehicle","P4",3,91.0388835950529,FALSE
"Line B",1,"Line B 1","Vehicle","P5",1,92.3531644620596,FALSE
"Line B",1,"Line B 1","Vehicle","P5",2,94.4882987314489,FALSE
"Line B",1,"Line B 1","Vehicle","P5",3,94.146762490485,FALSE
"Line B",1,"Line B 1","Low","P1",1,94.5843531596366,FALSE
"Line B",1,"Line B 1","Low","P1",2,97.3863353293954,FALSE
"Line B",1,"Line B 1","Low","P1",3,98.8455379950115,FALSE
"Line B",1,"Line B 1","Low","P2",1,91.9903185940103,FALSE
"Line B",1,"Line B 1","Low","P2",2,89.5857208176642,FALSE
"Line B",1,"Line B 1","Low","P2",3,90.378732221078,FALSE
"Line B",1,"Line B 1","Low","P3",1,90.3258543613706,FALSE
"Line B",1,"Line B 1","Low","P3",2,90.9110508808235,FALSE
"Line B",1,"Line B 1","Low","P3",3,93.5745247119687,FALSE
"Line B",1,"Line B 1","Low","P4",1,83.9166660478145,FALSE
"Line B",1,"Line B 1","Low","P4",2,86.0914355251107,FALSE
"Line B",1,"Line B 1","Low","P4",3,83.85517554251,FALSE
"Line B",1,"Line B 1","Low","P5",1,82.9746149133091,FALSE
"Line B",1,"Line B 1","Low","P5",2,92.6549876406524,FALSE
"Line B",1,"Line B 1","Low","P5",3,88.2118598643704,FALSE
"Line B",1,"Line B 1","Medium","P1",1,81.6543057974513,FALSE
"Line B",1,"Line B 1","Medium","P1",2,90.2908465144657,FALSE
"Line B",1,"Line B 1","Medium","P1",3,85.793523303257,FALSE
"Line B",1,"Line B 1","Medium","P2",1,90.2664188575434,FALSE
"Line B",1,"Line B 1","Medium","P2",2,92.8723400779435,FALSE
"Line B",1,"Line B 1","Medium","P2",3,91.3736577101154,FALSE
"Line B",1,"Line B 1","Medium","P3",1,82.4651338248504,FALSE
"Line B",1,"Line B 1","Medium","P3",2,86.5355151818089,FALSE
"Line B",1,"Line B 1","Medium","P3",3,93.9048796178471,FALSE
"Line B",1,"Line B 1","Medium","P4",1,86.4584719699036,FALSE
"Line B",1,"Line B 1","Medium","P4",2,81.9434429846014,FALSE
"Line B",1,"Line B 1","Medium","P4",3,86.2231336521293,FALSE
"Line B",1,"Line B 1","Medium","P5",1,92.4974314021684,FALSE
"Line B",1,"Line B 1","Medium","P5",2,89.8142836610996,FALSE
"Line B",1,"Line B 1","Medium","P5",3,92.2931401539393,FALSE
"Line B",2,"Line B 2","Vehicle","P1",1,95,FALSE
"Line B",2,"Line B 2","Vehicle","P1",2,100,FALSE
"Line B",2,"Line B 2","Vehicle","P1",3,105,FALSE
"Line B",2,"Line B 2","Vehicle","P2",1,100.97208690488,FALSE
"Line B",2,"Line B 2","Vehicle","P2",2,101.742020462805,FALSE
"Line B",2,"Line B 2","Vehicle","P2",3,99.5458546712557,FALSE
"Line B",2,"Line B 2","Vehicle","P3",1,118.65163756517,FALSE
"Line B",2,"Line B 2","Vehicle","P3",2,120.438184595265,FALSE
"Line B",2,"Line B 2","Vehicle","P3",3,117.872552884057,FALSE
"Line B",2,"Line B 2","Vehicle","P4",1,106.713272411106,FALSE
"Line B",2,"Line B 2","Vehicle","P4",2,108.369914434798,FALSE
"Line B",2,"Line B 2","Vehicle","P4",3,108.831167469165,FALSE
"Line B",2,"Line B 2","Vehicle","P5",1,120.371988430861,FALSE
"Line B",2,"Line B 2","Vehicle","P5",2,119.534248914699,FALSE
"Line B",2,"Line B 2","Vehicle","P5",3,119.802059397643,FALSE
"Line B",2,"Line B 2","High","P1",1,81.8168713574531,FALSE
"Line B",2,"Line B 2","High","P1",2,86.8168713574531,FALSE
"Line B",2,"Line B 2","High","P1",3,91.8168713574531,FALSE
"Line B",2,"Line B 2","High","P2",1,94.6028204344972,FALSE
"Line B",2,"Line B 2","High","P2",2,90.0767496749045,FALSE
"Line B",2,"Line B 2","High","P2",3,97.0090512706922,FALSE
"Line B",2,"Line B 2","High","P3",1,118.346675352061,FALSE
"Line B",2,"Line B 2","High","P3",2,124.961348074428,FALSE
"Line B",2,"Line B 2","High","P3",3,118.952565601956,FALSE
"Line B",2,"Line B 2","High","P4",1,87.1994713753197,FALSE
"Line B",2,"Line B 2","High","P4",2,94.779807906676,FALSE
"Line B",2,"Line B 2","High","P4",3,92.6390914506703,FALSE
"Line B",2,"Line B 2","High","P5",1,116.958631980909,FALSE
"Line B",2,"Line B 2","High","P5",2,114.969880645531,FALSE
"Line B",2,"Line B 2","High","P5",3,118.208185751605,FALSE
"Line B",3,"Line B 3","Vehicle","P1",1,91.0885833209508,FALSE
"Line B",3,"Line B 3","Vehicle","P1",2,94.9268977126234,FALSE
"Line B",3,"Line B 3","Vehicle","P1",3,94.0920194319358,FALSE
"Line B",3,"Line B 3","Vehicle","P2",1,123.045102425026,FALSE
"Line B",3,"Line B 3","Vehicle","P2",2,123.261419182876,FALSE
"Line B",3,"Line B 3","Vehicle","P2",3,117.564832717933,FALSE
"Line B",3,"Line B 3","Vehicle","P3",1,72.029498379023,FALSE
"Line B",3,"Line B 3","Vehicle","P3",2,76.6472159349823,FALSE
"Line B",3,"Line B 3","Vehicle","P3",3,73.5893246045239,FALSE
"Line B",3,"Line B 3","Vehicle","P4",1,100.683268993258,FALSE
"Line B",3,"Line B 3","Vehicle","P4",2,96.7547710728708,FALSE
"Line B",3,"Line B 3","Vehicle","P4",3,96.732617895589,FALSE
"Line B",3,"Line B 3","Vehicle","P5",1,122.888400831863,FALSE
"Line B",3,"Line B 3","Vehicle","P5",2,125.644974960879,FALSE
"Line B",3,"Line B 3","Vehicle","P5",3,127.815685282838,FALSE
"Line B",3,"Line B 3","Low","P1",1,101.937854030541,FALSE
"Line B",3,"Line B 3","Low","P1",2,103.476399810064,FALSE
"Line B",3,"Line B 3","Low","P1",3,100.867580595167,FALSE
"Line B",3,"Line B 3","Low","P2",1,121.749991501607,FALSE
"Line B",3,"Line B 3","Low","P2",2,113.661048241814,FALSE
"Line B",3,"Line B 3","Low","P2",3,115.086121269188,FALSE
"Line B",3,"Line B 3","Low","P3",1,81.6769810451679,FALSE
"Line B",3,"Line B 3","Low","P3",2,80.0261551913324,FALSE
"Line B",3,"Line B 3","Low","P3",3,77.6454241662992,FALSE
"Line B",3,"Line B 3","Low","P4",1,98.3330371034993,FALSE
"Line B",3,"Line B 3","Low","P4",2,99.3649255202035,FALSE
"Line B",3,"Line B 3","Low","P4",3,102.02084452394,FALSE
"Line B",3,"Line B 3","Low","P5",1,129.654909687759,FALSE
"Line B",3,"Line B 3","Low","P5",2,127.327852172336,FALSE
"Line B",3,"Line B 3","Low","P5",3,128.151978984071,FALSE
"Line B",3,"Line B 3","Medium","P1",1,94.5594084604191,FALSE
"Line B",3,"Line B 3","Medium","P1",2,92.8339016776644,FALSE
"Line B",3,"Line B 3","Medium","P1",3,93.6966139734202,FALSE
"Line B",3,"Line B 3","Medium","P2",1,119.270329699186,FALSE
"Line B",3,"Line B 3","Medium","P2",2,122.509534696228,FALSE
"Line B",3,"Line B 3","Medium","P2",3,118.819440047744,FALSE
"Line B",3,"Line B 3","Medium","P3",1,70.4423174081924,FALSE
"Line B",3,"Line B 3","Medium","P3",2,70.9414740299567,FALSE
"Line B",3,"Line B 3","Medium","P3",3,69.7985931633893,FALSE
"Line B",3,"Line B 3","Medium","P4",1,85.4636009962118,FALSE
"Line B",3,"Line B 3","Medium","P4",2,83.6310267598929,FALSE
"Line B",3,"Line B 3","Medium","P4",3,88.1920078623986,FALSE
"Line B",3,"Line B 3","Medium","P5",1,130.479740772405,FALSE
"Line B",3,"Line B 3","Medium","P5",2,131.234252123654,FALSE
"Line B",3,"Line B 3","Medium","P5",3,126.539987013139,FALSE
"Line B",3,"Line B 3","High","P1",1,86.2170160200779,FALSE
"Line B",3,"Line B 3","High","P1",2,86.8398538123422,FALSE
"Line B",3,"Line B 3","High","P1",3,93.4872380083309,FALSE
"Line B",3,"Line B 3","High","P2",1,117.618479477437,FALSE
"Line B",3,"Line B 3","High","P2",2,113.357214169802,FALSE
"Line B",3,"Line B 3","High","P2",3,118.59878125409,FALSE
"Line B",3,"Line B 3","High","P3",1,74.2218709246741,FALSE
"Line B",3,"Line B 3","High","P3",2,63.3695695804754,FALSE
"Line B",3,"Line B 3","High","P3",3,67.8623449484997,FALSE
"Line B",3,"Line B 3","High","P4",1,102.382265818377,FALSE
"Line B",3,"Line B 3","High","P4",2,92.9579004608681,FALSE
"Line B",3,"Line B 3","High","P4",3,96.8325912710839,FALSE
"Line B",3,"Line B 3","High","P5",1,124.09176427052,FALSE
"Line B",3,"Line B 3","High","P5",2,123.093036552736,FALSE
"Line B",3,"Line B 3","High","P5",3,123.83741785748,FALSE
