"line","day","prep","dose","protein","value","excluded_in_vessel"
"Line A",1,"Line A 1","Vehicle","P1",93.1165467897153,FALSE
"Line A",2,"Line A 2","Vehicle","P1",105.368751629888,FALSE
"Line A",3,"Line A 3","Vehicle","P1",114.585238686485,FALSE
"Line B",1,"Line B 1","Vehicle","P1",102.262695582698,FALSE
"Line B",2,"Line B 2","Vehicle","P1",100,FALSE
"Line B",3,"Line B 3","Vehicle","P1",93.3691668218367,FALSE
"Line A",1,"Line A 1","Low","P1",94.1071608643447,FALSE
"Line A",3,"Line A 3","Low","P1",107.147277143821,FALSE
"Line B",1,"Line B 1","Low","P1",96.9387421613478,FALSE
"Line B",3,"Line B 3","Low","P1",102.093944811924,FALSE
"Line A",1,"Line A 1","Medium","P1",86.9575226360371,FALSE
"Line A",3,"Line A 3","Medium","P1",92.6520953076801,FALSE
"Line B",1,"Line B 1","Medium","P1",85.9128918717247,FALSE
"Line B",3,"Line B 3","Medium","P1",93.6966413705013,FALSE
"Line A",2,"Line A 2","High","P1",83.5696679317787,FALSE
"Line A",3,"Line A 3","High","P1",93.4645619221523,FALSE
"Line B",2,"Line B 2","High","P1",86.8168713574531,FALSE
"Line B",3,"Line B 3","High","P1",88.848035946917,FALSE
"Line A",1,"Line A 1","Vehicle","P2",92.3055684198213,FALSE
"Line A",2,"Line A 2","Vehicle","P2",104.000903318765,FALSE
"Line A",3,"Line A 3","Vehicle","P2",117.414146175646,FALSE
"Line B",1,"Line B 1","Vehicle","P2",101.59835031486,FALSE
"Line B",2,"Line B 2","Vehicle","P2",100.753320679647,FALSE
"Line B",3,"Line B 3","Vehicle","P2",121.290451441945,FALSE
"Line A",1,"Line A 1","Low","P2",94.0704645215603,FALSE
"Line A",3,"Line A 3","Low","P2",106.823529683623,FALSE
"Line B",1,"Line B 1","Low","P2",90.6515905442509,FALSE
"Line B",3,"Line B 3","Low","P2",116.832387004203,FALSE
"Line A",1,"Line A 1","Medium","P2",99.957146179405,FALSE
"Line A",3,"Line A 3","Medium","P2",110.204006779687,FALSE
"Line B",1,"Line B 1","Medium","P2",91.5041388818674,FALSE
"Line B",3,"Line B 3","Medium","P2",120.19976814772,FALSE
"Line A",2,"Line A 2","High","P2",88.4328678439323,FALSE
"Line A",3,"Line A 3","High","P2",114.826164083806,FALSE
"Line B",2,"Line B 2","High","P2",93.896207126698,FALSE
"Line B",3,"Line B 3","High","P2",116.52482496711,FALSE
"Line A",1,"Line A 1","Vehicle","P3",89.1638505987753,FALSE
"Line A",2,"Line A 2","Vehicle","P3",111.631033734625,FALSE
"Line A",3,"Line A 3","Vehicle","P3",91.4238135889197,FALSE
"Line B",1,"Line B 1","Vehicle","P3",91.7807012465152,FALSE
"Line B",2,"Line B 2","Vehicle","P3",118.987458348164,FALSE
"Line B",3,"Line B 3","Vehicle","P3",74.0886796395097,FALSE
"Line A",1,"Line A 1","Low","P3",86.0623043988014,FALSE
"Line A",3,"Line A 3","Low","P3",122.446130222676,TRUE
"Line B",1,"Line B 1","Low","P3",91.6038099847209,FALSE
"Line B",3,"Line B 3","Low","P3",79.7828534675998,FALSE
"Line A",1,"Line A 1","Medium","P3",91.403664527154,FALSE
"Line A",3,"Line A 3","Medium","P3",87.7329340743977,FALSE
"Line B",1,"Line B 1","Medium","P3",87.6351762081688,FALSE
"Line B",3,"Line B 3","Medium","P3",70.3941282005128,FALSE
"Line A",2,"Line A 2","High","P3",115.642241251787,FALSE
"Line A",3,"Line A 3","High","P3",88.1222602798202,FALSE
"Line B",2,"Line B 2","High","P3",120.753529676148,FALSE
"Line B",3,"Line B 3","High","P3",68.4845951512164,FALSE
"Line A",1,"Line A 1","Vehicle","P4",93.9886969556719,FALSE
"Line A",2,"Line A 2","Vehicle","P4",116.180322760508,FALSE
"Line A",3,"Line A 3","Vehicle","P4",79.862522325004,FALSE
"Line B",1,"Line B 1","Vehicle","P4",84.078044760932,FALSE
"Line B",2,"Line B 2","Vehicle","P4",107.971451438356,FALSE
"Line B",3,"Line B 3","Vehicle","P4",98.0568859872393,FALSE
"Line A",1,"Line A 1","Low","P4",93.9876006659978,FALSE
"Line A",3,"Line A 3","Low","P4",89.0015819304528,FALSE
"Line B",1,"Line B 1","Low","P4",84.6210923718118,FALSE
"Line B",3,"Line B 3","Low","P4",99.9062690492141,FALSE
"Line A",1,"Line A 1","Medium","P4",98.5828348072275,FALSE
"Line A",3,"Line A 3","Medium","P4",78.2592030512225,FALSE
"Line B",1,"Line B 1","Medium","P4",84.8750162022115,FALSE
"Line B",3,"Line B 3","Medium","P4",85.7622118728344,FALSE
"Line A",2,"Line A 2","High","P4",115.011265521749,FALSE
"Line A",3,"Line A 3","High","P4",76.4383068431673,FALSE
"Line B",2,"Line B 2","High","P4",91.5394569108887,FALSE
"Line B",3,"Line B 3","High","P4",97.390919183443,FALSE
"Line A",1,"Line A 1","Vehicle","P5",92.3688686389417,FALSE
"Line A",2,"Line A 2","Vehicle","P5",95.9056918269619,FALSE
"Line A",3,"Line A 3","Vehicle","P5",89.3256270799757,FALSE
"Line B",1,"Line B 1","Vehicle","P5",93.6627418946645,FALSE
"Line B",2,"Line B 2","Vehicle","P5",119.902765581068,FALSE
"Line B",3,"Line B 3","Vehicle","P5",125.449687025193,FALSE
"Line A",1,"Line A 1","Low","P5",97.3256914890469,FALSE
"Line A",3,"Line A 3","Low","P5",99.16772359652,FALSE
"Line B",1,"Line B 1","Low","P5",87.947154139444,FALSE
"Line B",3,"Line B 3","Low","P5",128.378246948056,FALSE
"Line A",1,"Line A 1","Medium","P5",95.3371542959143,FALSE
"Line A",3,"Line A 3","Medium","P5",100.836304811412,FALSE
"Line B",1,"Line B 1","Medium","P5",91.5349517390691,FALSE
"Line B",3,"Line B 3","Medium","P5",129.417993303066,FALSE
"Line A",2,"Line A 2","High","P5",84.464128000905,FALSE
"Line A",3,"Line A 3","High","P5",98.0994709836465,FALSE
"Line B",2,"Line B 2","High","P5",116.712232792682,FALSE
"Line B",3,"Line B 3","High","P5",123.674072893579,FALSE
